{"nodes":{"node:1":{"location":{"x":-198,"y":-228}},"node:2":{"location":{"x":0,"y":0}},"node:3":{"location":{"x":0,"y":0}},"node:4":{"location":{"x":42,"y":-84}}},"selection":null,"view":{"scroll":{"x":-345.7445068359375,"y":-288.176483154296875},"visible_rect":{"max":{"x":520.2554931640625,"y":320.823516845703125},"min":{"x":-345.7445068359375,"y":-288.176483154296875}},"zoom":1}}