{"nodes":{"node:1":{"location":{"x":0,"y":0}},"node:2":{"location":{"x":0,"y":0}},"node:3":{"location":{"x":0,"y":0}},"node:4":{"location":{"x":0,"y":0}}},"selection":["node:1"],"view":{"scroll":{"x":-113.5498046875,"y":-94.3916015625},"visible_rect":{"max":{"x":369.960174560546875,"y":296.486724853515625},"min":{"x":-90.83984375,"y":-75.5132827758789062}},"zoom":1.25}}