{"nodes":{"node:1":{"location":{"x":-54,"y":11}},"node:2":{"location":{"x":-54,"y":107}},"node:3":{"location":{"x":484,"y":235}},"node:4":{"location":{"x":202,"y":45}},"node:5":{"location":{"x":410,"y":12}}},"selection":null,"view":{"scroll":{"x":-86.54296875,"y":-210.079071044921875},"visible_rect":{"max":{"x":732.36566162109375,"y":383.936737060546875},"min":{"x":-69.234375,"y":-168.063262939453125}},"zoom":1.25}}