{"nodes":{"node:1":{"location":{"x":0,"y":0}},"node:2":{"location":{"x":0,"y":0}},"node:3":{"location":{"x":0,"y":0}},"node:4":{"location":{"x":0,"y":0}},"node:5":{"location":{"x":0,"y":0}},"node:6":{"location":{"x":6,"y":134}}},"selection":null,"view":{"scroll":{"x":-428.9903564453125,"y":-187.89788818359375},"visible_rect":{"max":{"x":425.562347412109375,"y":445.446533203125},"min":{"x":-565.19097900390625,"y":-247.553802490234375}},"zoom":0.759018361568450928}}