{"nodes":{"node:1":{"location":{"x":0,"y":0}},"node:2":{"location":{"x":0,"y":0}},"node:3":{"location":{"x":0,"y":0}},"node:4":{"location":{"x":0,"y":0}}},"selection":["node:1"],"view":{"scroll":{"x":-121.507003784179688,"y":-50.9214935302734375},"visible_rect":{"max":{"x":302.995361328125,"y":276.0523681640625},"min":{"x":-81.0046768188476562,"y":-33.9476661682128906}},"zoom":1.49999988079071045}}